Workbook

Sheet Pub Ratings
A1: Pub Name | B1: Location | C1: Price | D1: Date of Visit | E1: Alumni Present | F1: Taste | G1: Texture | H1: Stickage | I1: Head to Body Ratio | J1: Pub Character | K1: Overall Score | L1: Comments | M1: Woke? | N1: Overall Score (No Stickage)
A2: John Kehoe's | B2: South (City) | C2: 5.9 | D2: 44785 | E2: Adam, Cam, Fred, Martin, Saul | F2: 9.3 | G2: 9.4 | H2: 8.3 | I2: 9 | J2: 8.8 | K2: =AVERAGE(F2:J2) -> 8.96 | N2: =AVERAGE(F2,G2,I2,J2) -> 9.125
A3: The Long Hall | B3: South (City) | C3: 5.9 | D3: 44742 | E3: Cam, Fred, Kevin, Martin, Manus, Saul | F3: 8.3 | G3: 8.3 | H3: 7.8 | I3: 8.8 | J3: 8.8 | K3: =AVERAGE(F3:J3) -> 8.4 | N3: =AVERAGE(F3,G3,I3,J3) -> 8.55
A4: The Palace Bar | B4: South (City) | C4: 5.9 | D4: Unknown | E4: Alan, Cameron, Saul, Sophie | F4: 8.4 | G4: 8.3 | H4: 7.9 | I4: 8.9 | J4: 8 | K4: =AVERAGE(F4:J4) -> 8.3 | L4: "What an excellent pint. Delish creamy pint and a lovely pub atmosphere which I would like to grow old in. A nice dublin pub" - Sophie, "coffee" - Saul | N4: =AVERAGE(F4,G4,I4,J4) -> 8.4
A5: The Confession Box | B5: North (City) | C5: 5.5 | D5: 44765 | E5: Adam, Cam, Martin, Saul | F5: 8.8 | G5: 9.1 | H5: 7.4 | I5: 7.8 | J5: 8.2 | K5: =AVERAGE(F5:J5) -> 8.26 | N5: =AVERAGE(F5,G5,I5,J5) -> 8.475
A6: The Stag's Head | B6: South (City) | C6: 5.9 | D6: 44742 | E6: Cam, Fred, Kevin, Martin, Saul | F6: 8.7 | G6: 8.4 | H6: 7.6 | I6: 7.7 | J6: 8.6 | K6: =AVERAGE(F6:J6) -> 8.2 | N6: =AVERAGE(F6,G6,I6,J6) -> 8.35
A7: Chaplins | B7: South (City) | C7: 5.5 | D7: 44735 | E7: Alan, Cam, Martin, Saul | F7: 8 | G7: 7.9 | H7: 8.6 | I7: 8.1 | J7: 8 | K7: =AVERAGE(F7:J7) -> 8.12 | L7: Smooth yet slightly watery towards the end. A lovely sweet smell of coffee, a tad cold but excellent domage and a nice firm head. The stickage did wonders for the score of this pint and taste brought it up big time. Chaplin's is a lovely intimate vibe perfect for a few quiet ones with the lads in the evening and a few more lively pints at night. Staff are always friendly and you can tell the owners care about the place. | N7: =AVERAGE(F7,G7,I7,J7) -> 8
A8: Bowe's | B8: South (City) | C8: 5.7 | D8: Unknown | E8: Adam, Cameron, Matthew, Saul, Sophie | F8: 8.4 | G8: 8.3 | H8: 8 | I8: 8.1 | J8: 7.8 | K8: =AVERAGE(F8:J8) -> 8.12 | L8: "nice tasty Guinness" - Matthew | N8: =AVERAGE(F8,G8,I8,J8) -> 8.15
A9: Mooney's | B9: North (City) | C9: 5.7 | D9: 44765 | E9: Adam, Cam, Martin, Saul | F9: 8.2 | G9: 7.9 | H9: 8.8 | I9: 7.8 | J9: 7.8 | K9: =AVERAGE(F9:J9) -> 8.1 | N9: =AVERAGE(F9,G9,I9,J9) -> 7.925
A10: Uncle Tom's Cabin | B10: South | C10: 5.5 | D10: Unknown | E10: Manus, Mark, Martin, Matthew, Saul | F10: 8 | G10: 8 | H10: 7.7 | I10: 8.8 | J10: 8 | K10: =AVERAGE(F10:J10) -> 8.1 | L10: "from the looks of it every man here had the name Mick" - Martin, "a cabin of dreams" - Matthew, "funny place" - Manus | N10: =AVERAGE(F10,G10,I10,J10) -> 8.2
A11: The Manhattan (Raheny) | B11: North | C11: 5.9 | D11: 44876 | E11: Cam, Mark, Martin, Podge | F11: 8.5 | G11: 8 | H11: 7.8 | I11: 8 | J11: 8.1 | K11: =AVERAGE(F11:J11) -> 8.08 | N11: =AVERAGE(F11,G11,I11,J11) -> 8.15
A12: Annesley House | B12: North | C12: 4.8 | D12: 44894 | E12: Cam, Martin, Matthew, Podge, Saul, Sophie | F12: 8.6 | G12: 8.2 | H12: 7.7 | I12: 8.2 | J12: 7.6 | K12: =AVERAGE(F12:J12) -> 8.06 | L12: "A truly Irish House. Annesley House. Crown Moldings. Wall Molding. Bar man drinking. Old man sinking. A happy place. A cheap pint. A great find." - Martin | N12: =AVERAGE(F12,G12,I12,J12) -> 8.15
A13: Paddy Kearney's | B13: South (City) | C13: Unknown | D13: 45634 | E13: Alan, Kevin, Martin, Saul | F13: 8.2 | G13: 7.9 | H13: 8.4 | I13: 7.4 | J13: 8.4 | K13: =AVERAGE(F13:J13) -> 8.06 | L13: "Ooh Ah Up The" - Martin, "RA" - Alan | M13: No | N13: =AVERAGE(F13,G13,I13,J13) -> 7.975
A14: Patrick Carthy & Sons | B14: North | C14: 5.4 | D14: 44837 | E14: Alan, Martin, Manus, Saul | F14: 8.6 | G14: 8.5 | H14: 8.9 | I14: 8 | J14: 6.1 | K14: =AVERAGE(F14:J14) -> 8.02 | N14: =AVERAGE(F14,G14,I14,J14) -> 7.8
A15: The Dame Tavern | B15: South (City) | C15: 5.8 | D15: 44742 | E15: Cam, Kevin, Martin, Manus, Saul | F15: 7.5 | G15: 7.8 | H15: 7.5 | I15: 8.1 | J15: 9.1 | K15: =AVERAGE(F15:J15) -> 8 | N15: =AVERAGE(F15,G15,I15,J15) -> 8.125
A16: Millmount House | B16: North | C16: 5 | D16: 44822 | E16: Alan, Matthew, Podge, Saul | F16: 8.3 | G16: 8.1 | H16: 8.5 | I16: 7.7 | J16: 7.4 | K16: =AVERAGE(F16:J16) -> 8 | N16: =AVERAGE(F16,G16,I16,J16) -> 7.875
A17: The Glimmerman | B17: North | C17: 5.5 | D17: 44783 | E17: Martin, Matthew, Podge, Saul | F17: 7.5 | G17: 7.7 | H17: 7.9 | I17: 7.9 | J17: 8.7 | K17: =AVERAGE(F17:J17) -> 7.94 | N17: =AVERAGE(F17,G17,I17,J17) -> 7.95
A18: Walsh's | B18: North | C18: 5.6 | D18: 44783 | E18: Martin, Matthew, Podge, Saul | F18: 8.5 | G18: 7.8 | H18: 7.1 | I18: 8.4 | J18: 7.9 | K18: =AVERAGE(F18:J18) -> 7.94 | N18: =AVERAGE(F18,G18,I18,J18) -> 8.15
A19: Glynns | B19: North (City) | C19: 6.25 | D19: 45913 | E19: Adam, Cam, Kevin, Mark, Martin, Saul | F19: 7.9 | G19: 7.7 | H19: 7.3 | I19: 7.7 | J19: 9 | K19: =AVERAGE(F19:J19) -> 7.92 | L19: "the most dublin pub of all time" - Saul, "the strippers have arrived" - Cam, "chlorine stench. Sour cranberries" - Martin, "the locals were so sweet" - Adam | M19: No | N19: =AVERAGE(F19,G19,I19,J19) -> 8.075
A20: O'Loughlin's | B20: South | C20: 5 | D20: 44849 | E20: Mark, Martin, Matthew, Podge, Saul, Sophie | F20: 7.7 | G20: 7.9 | H20: 8.8 | I20: 7.6 | J20: 7.5 | K20: =AVERAGE(F20:J20) -> 7.9 | N20: =AVERAGE(F20,G20,I20,J20) -> 7.675
A21: Doyle's | B21: South (City) | C21: 5.9 | D21: 44755 | E21: Adam, Cam, Fred, Mark, Martin, Saul | F21: 7.7 | G21: 7.7 | H21: 7.6 | I21: 7.9 | J21: 8.4 | K21: =AVERAGE(F21:J21) -> 7.86 | N21: =AVERAGE(F21,G21,I21,J21) -> 7.925
A22: Harry Byrne's | B22: North | C22: 5.7 | D22: 44826 | E22: Cam, Matthew, Podge, Saul, Sophie | F22: 7.9 | G22: 7.6 | H22: 7.6 | I22: 8.2 | J22: 8 | K22: =AVERAGE(F22:J22) -> 7.86 | N22: =AVERAGE(F22,G22,I22,J22) -> 7.925
A23: Kitty Kiernan's | B23: North | C23: 5.3 | D23: 44854 | E23: Adam, Cam, Mark, Martin, Podge, Saul | F23: 8.4 | G23: 7.9 | H23: 6.8 | I23: 8.4 | J23: 7.7 | K23: =AVERAGE(F23:J23) -> 7.84 | N23: =AVERAGE(F23,G23,I23,J23) -> 8.1
A24: The Beachcomber | B24: North | C24: 5.6 | D24: 44854 | E24: Cam, Mark, Martin, Saul | F24: 7.9 | G24: 7 | H24: 8.6 | I24: 8.3 | J24: 7.3 | K24: =AVERAGE(F24:J24) -> 7.82 | N24: =AVERAGE(F24,G24,I24,J24) -> 7.625
A25: McNeill's (Howth) | B25: North | C25: 5.5 | D25: Unknown | E25: Adam, Martin, Matthew, Saul | F25: 7.9 | G25: 7.9 | H25: 7.8 | I25: 8.1 | J25: 7.4 | K25: =AVERAGE(F25:J25) -> 7.82 | L25: "Alan is an idiot" - Matthew, "Got Sharked" - Martin | N25: =AVERAGE(F25,G25,I25,J25) -> 7.825
A26: Mary's | B26: South (City) | C26: 5.9 | D26: 44794 | E26: Adam, Fred, Martin, Saul | F26: 8.4 | G26: 7.8 | H26: 7.2 | I26: 7 | J26: 8.7 | K26: =AVERAGE(F26:J26) -> 7.82 | N26: =AVERAGE(F26,G26,I26,J26) -> 7.975
A27: The Flowing Tide | B27: North (City) | C27: 5.8 | D27: 44889 | E27: Adam, Cam, Mark, Martin | F27: 7.9 | G27: 7.8 | H27: 7.5 | I27: 7.7 | J27: 8.2 | K27: =AVERAGE(F27:J27) -> 7.82 | N27: =AVERAGE(F27,G27,I27,J27) -> 7.9
A28: Grogan's | B28: South (City) | C28: 5.95 | D28: 44878 | E28: Adam, Martin, Podge, Saul | F28: 8.1 | G28: 8.1 | H28: 7.6 | I28: 7.6 | J28: 7.6 | K28: =AVERAGE(F28:J28) -> 7.8 | N28: =AVERAGE(F28,G28,I28,J28) -> 7.85
A29: Smyths | B29: North | C29: 5.75 | D29: 45270 | E29: Alan, Fred, Kevin, Martin, Matthew, Padraig, Saul | F29: 7.5 | G29: 7.8 | H29: 7.4 | I29: 7.7 | J29: 8.5 | K29: =AVERAGE(F29:J29) -> 7.78 | L29: "Is that your jacket 🙄" - Martin, "Hand dryer not branded but powerful" - Padraig | N29: =AVERAGE(F29,G29,I29,J29) -> 7.875
A30: Kavanagh's (Clontarf) | B30: North | C30: 5.5 | D30: 44907 | E30: Cam, Martin, Matthew, Podge, Saul | F30: 7.9 | G30: 7.7 | H30: 7.7 | I30: 7.8 | J30: 7.8 | K30: =AVERAGE(F30:J30) -> 7.78 | L30: "that'll do" - Martin | N30: =AVERAGE(F30,G30,I30,J30) -> 7.8
A31: The Boar's Head | B31: North (City) | C31: 6.6 | D31: 45219 | E31: Martin, Matthew, Saul, Sophie | F31: 8 | G31: 7.4 | H31: 7.5 | I31: 8.1 | J31: 7.8 | K31: =AVERAGE(F31:J31) -> 7.76 | L31: "Capel st giving me that Asian flush (I did big poo after noodles)" - Martin, "The tourist table is the best spot in this place" - Sophie | N31: =AVERAGE(F31,G31,I31,J31) -> 7.825
A32: Horse and Hound | B32: North | C32: 5.9 | D32: 45270 | E32: Alan, Fred, Kevin, Martin, Matthew, Padraig, Saul | F32: 7.8 | G32: 7.4 | H32: 7.4 | I32: 8 | J32: 8.2 | K32: =AVERAGE(F32:J32) -> 7.76 | L32: "They got KEVIN O’SULLIVAN to play. The KEVIN O’SULLIVAN. Yeah, that KEVIN O’SULLIVAN, the one they you’re thinking about. Famous singer KEVIN O’SULLIVAN. Shedding on the electric, KEVIN O’SULLIVAN. Not Adam O’Sullivan. KEVIN O’SULLIVAN" - Martin, "atc cooking styll" - Padraig | N32: =AVERAGE(F32,G32,I32,J32) -> 7.85
A33: The Old Punch Bowl | B33: South | C33: 6.5 | D33: 45326 | E33: Adam, Fred, Kevin, Mark, Martin, Padraig, Saul, Sophie | F33: 7.6 | G33: 7.2 | H33: 7.7 | I33: 8 | J33: 8.3 | K33: =AVERAGE(F33:J33) -> 7.76 | L33: "Good decor and hagrid core" - Padraig | N33: =AVERAGE(F33,G33,I33,J33) -> 7.775
A34: The Bridge Tavern | B34: North | C34: 4.9 | D34: Unknown | E34: Alan, Cameron, Mark, Martin, Saul | F34: 7.5 | G34: 7.1 | H34: 7.3 | I34: 8.6 | J34: 8.2 | K34: =AVERAGE(F34:J34) -> 7.74 | L34: "u-n-i t-e-d United are the team for me" - Saul, "call an ambulance but not for me" - Martin | N34: =AVERAGE(F34,G34,I34,J34) -> 7.85
A35: Cassidy's (Westmoreland) | B35: South (City) | C35: 5.8 | D35: 44755 | E35: Adam, Fred, Martin, Saul | F35: 7.1 | G35: 7.7 | H35: 7.9 | I35: 7.6 | J35: 8.3 | K35: =AVERAGE(F35:J35) -> 7.72 | N35: =AVERAGE(F35,G35,I35,J35) -> 7.675
A36: Dudley's | B36: South (City) | C36: 6.6 | D36: 45618 | E36: Cam, Fred, Kevin, Martin, Ruairí, Saul | F36: 7.8 | G36: 7.5 | H36: 7.4 | I36: 7.6 | J36: 8.3 | K36: =AVERAGE(F36:J36) -> 7.72 | L36: "Walking stick theory wouldn't fly somewhere this woke" - Martin. Note: Ruairí failed to rate H2B and Kevin failed to rate stickage | M36: Half woke | N36: =AVERAGE(F36,G36,I36,J36) -> 7.8
A37: Mulligan's | B37: South (City) | C37: 5.9 | D37: 44735 | E37: Alan, Cam, Martin, Saul | F37: 8.4 | G37: 8.4 | H37: 6.3 | I37: 7.2 | J37: 8.3 | K37: =AVERAGE(F37:J37) -> 7.72 | L37: A regular haunt of mine, I know the barmen well and its been a Farrelly pub for generations. The atmosphere is always fantastic, just a classic of Dublin. The pint was smooth, creamy and well balanced. Nice temperature and deliciously malty for whatever reason, however it wasn't quite as good as expected, I've had better in there. The stickage was very poor and the head to body ratio wasn't up to the standards we've come to expect from Mulligan's | N37: =AVERAGE(F37,G37,I37,J37) -> 8.075
A38: Ukiyo** | B38: South (City) | C38: 6 | D38: 44830 | E38: Martin, Manus, Matthew, Sophie | F38: 8.4 | G38: 7.9 | H38: 6.8 | I38: 8 | J38: 7.5 | K38: =AVERAGE(F38:J38) -> 7.72 | N38: =AVERAGE(F38,G38,I38,J38) -> 7.95
A39: Meagher's (Fairview) | B39: North | C39: Unknown | D39: Unknown | E39: Cameron, Mark, Padraig, Saul | F39: 7.3 | G39: 7.3 | H39: 8 | I39: 7.9 | J39: 8.1 | K39: =AVERAGE(F39:J39) -> 7.72 | L39: "queit" - Saul, "Dómhnál is a crack head" - Padraig | N39: =AVERAGE(F39,G39,I39,J39) -> 7.65
A40: Harkin's | B40: South (City) | C40: 5.4 | D40: Unknown | E40: Mark, Martin, Matthew, Saul | F40: 7.9 | G40: 7.7 | H40: 7 | I40: 8.1 | J40: 7.9 | K40: =AVERAGE(F40:J40) -> 7.72 | L40: Possibly invalid rating as Matthew failed to rate stickage. "cosy vibe, feels like a Northside job. Smells like delicious" - Martin, "lovely stuff" - Saul, "oops forgot to send" - Matthew | N40: =AVERAGE(F40,G40,I40,J40) -> 7.9
A41: The Foggy Dew | B41: South (City) | C41: Unknown | D41: Unknown | E41: Adam, Cameron, Martin, Saul | F41: 8 | G41: 7.5 | H41: 7.3 | I41: 7.6 | J41: 8.2 | K41: =AVERAGE(F41:J41) -> 7.72 | N41: =AVERAGE(F41,G41,I41,J41) -> 7.825
A42: Devitt's | B42: South (City) | C42: 5.7 | D42: 44859 | E42: Cam, Mark, Martin, Saul | F42: 7.6 | G42: 7.5 | H42: 8.3 | I42: 7.4 | J42: 7.7 | K42: =AVERAGE(F42:J42) -> 7.7 | N42: =AVERAGE(F42,G42,I42,J42) -> 7.55
A43: Dunphy's | B43: South | C43: 5.7 | D43: 44849 | E43: Cam, Mark, Martin, Matthew, Manus, Podge, Sophie | F43: 7.9 | G43: 7.9 | H43: 6.4 | I43: 7.6 | J43: 8.6 | K43: =AVERAGE(F43:J43) -> 7.68 | L43: ""CHEAP. CHEAP." Goes the new born chick. I feel new born, new born as the birds that cry their cry. "CHEAP. CHEAP" they screech. I screech for the CHEAP pint. The CHEAP pint screech's for me. She is my cuckoo chick. She is my cuckoo newborn. A new baby given to me by elemental forces, forces of nature. I must provide" - Martin | N43: =AVERAGE(F43,G43,I43,J43) -> 8
A44: Noctor's | B44: North (City) | C44: 5.5 | D44: 45963 | E44: Adam, Fred, Kevin, Rebecca | F44: 7 | G44: 7.3 | H44: 8.8 | I44: 8.5 | J44: 6.8 | K44: =AVERAGE(F44:J44) -> 7.68 | L44: "I would not go here if I was a migrant or gay. This is by far the dodgiest pub I've been to in Dublin, there's broken glass on the walls and Ireland flags outside." - Kevin, "toilets have no lid and woman beside me was groaning and shitting loudly" - Rebecca | M44: No | N44: =AVERAGE(F44,G44,I44,J44) -> 7.4
A45: Madigan's (O Connell St) | B45: North (City) | C45: 6.3 | D45: Unknown | E45: Alan, Martin, Matthew, Saul | F45: 7.5 | G45: 7.5 | H45: 7.2 | I45: 8.3 | J45: 7.9 | K45: =AVERAGE(F45:J45) -> 7.68 | L45: "happy birthday Angela" - Matthew, "tooooooones" - Saul | N45: =AVERAGE(F45,G45,I45,J45) -> 7.8
A46: Kennedy's | B46: North | C46: 5.8 | D46: 44822 | E46: Alan, Matthew, Podge, Saul | F46: 7.9 | G46: 6.8 | H46: 7.4 | I46: 7.8 | J46: 8.4 | K46: =AVERAGE(F46:J46) -> 7.66 | N46: =AVERAGE(F46,G46,I46,J46) -> 7.725
A47: Pebble Beach | B47: North | C47: 5.7 | D47: 44864 | E47: Alan, Cam, Mark, Matthew, Podge, Saul, Sophie | F47: 7.6 | G47: 7.6 | H47: 7.4 | I47: 7.6 | J47: 8.1 | K47: =AVERAGE(F47:J47) -> 7.66 | N47: =AVERAGE(F47,G47,I47,J47) -> 7.725
A48: Fowlers | B48: North | C48: 6.6 | D48: 45270 | E48: Alan, Fred, Kevin, Martin, Matthew, Padraig | F48: 7.9 | G48: 7.7 | H48: 7.9 | I48: 7.8 | J48: 7 | K48: =AVERAGE(F48:J48) -> 7.66 | L48: "A strange mix of classy and tacky" - Martin, "Fantastic hand dryer" - Padraig | N48: =AVERAGE(F48,G48,I48,J48) -> 7.6
A49: Paddy Cullen's | B49: South | C49: 6.9 | D49: 45644 | E49: Alan, Cam, Kevin, Manus, Mark, Martin, Matthew, Saul, Sadhbh N, Sophie | F49: 7.6 | G49: 7.6 | H49: 7.3 | I49: 7.6 | J49: 8.2 | K49: =AVERAGE(F49:J49) -> 7.66 | L49: "delicious snug keeps me warm in the soul" - Cam, "Merry Christmas" - Sophie, "Robocop" - Martin, "Pringles" - Sadhbh N | M49: No | N49: =AVERAGE(F49,G49,I49,J49) -> 7.75
A50: Grand Central | B50: North (City) | C50: 5.8 | D50: Unknown | E50: Alan, Martin, Matthew, Saul | F50: 7.7 | G50: 7.8 | H50: 7.9 | I50: 8.1 | J50: 6.8 | K50: =AVERAGE(F50:J50) -> 7.66 | L50: "swords security are going ham" - Matthew | N50: =AVERAGE(F50,G50,I50,J50) -> 7.6
A51: Toners | B51: South (City) | C51: 6.6 | D51: 45267 | E51: Adam, Kevin, Martin, Saul | F51: 7.8 | G51: 7.7 | H51: 7.2 | I51: 7.9 | J51: 7.6 | K51: =AVERAGE(F51:J51) -> 7.64 | L51: "where’s ms toner 😉" - Martin | N51: =AVERAGE(F51,G51,I51,J51) -> 7.75
A52: Gaffney's | B52: North | C52: 5.6 | D52: 44894 | E52: Cam, Martin, Matthew, Podge, Saul, Sophie | F52: 7.5 | G52: 7.7 | H52: 7.6 | I52: 7.7 | J52: 7.7 | K52: =AVERAGE(F52:J52) -> 7.64 | L52: "my mam drinks her so much that the barmen asks where she is if she hasn't been that week" - Martin | N52: =AVERAGE(F52,G52,I52,J52) -> 7.65
A53: The Old Stand | B53: South (City) | C53: 6.4 | D53: 45127 | E53: Adam, Kevin, Mark, Saul | F53: 8 | G53: 7.6 | H53: 7.1 | I53: 8.1 | J53: 7.4 | K53: =AVERAGE(F53:J53) -> 7.64 | L53: "decent spot" - Saul | N53: =AVERAGE(F53,G53,I53,J53) -> 7.775
A54: Fagan's | B54: North | C54: 5.7 | D54: 44822 | E54: Alan, Matthew, Podge, Saul | F54: 8 | G54: 7.3 | H54: 7.6 | I54: 8 | J54: 7.2 | K54: =AVERAGE(F54:J54) -> 7.62 | N54: =AVERAGE(F54,G54,I54,J54) -> 7.625
A55: Cusack's | B55: North | C55: 5.2 | D55: 44894 | E55: Cam, Martin, Matthew, Podge, Saul, Sophie | F55: 8 | G55: 7.8 | H55: 7.4 | I55: 7.1 | J55: 7.8 | K55: =AVERAGE(F55:J55) -> 7.62 | L55: "Turned to potato fields but not born in them, Was I, an Irish man Born away from them I hear your cry? Was I an Irish man? However, I, a city slicker, have adopted and cradled this babe. Showered her in vinegary goodness, Showed her, her true potential. Filfulled her final form, her fine foilly finish. Forced her beyond my lips. Cradled her in my palm. Force and cradle. You call me Newton now. But you haven't accessed the gravity of the situation. Potatoes can't fall on my head." - Martin | N55: =AVERAGE(F55,G55,I55,J55) -> 7.675
A56: Kilmardinny Inn | B56: North | C56: 5.2 | D56: 44737 | E56: Adam, Fred, Kevin, Saul | F56: 8.4 | G56: 7.5 | H56: 7.4 | I56: 8 | J56: 6.7 | K56: =AVERAGE(F56:J56) -> 7.6 | L56: Very good clean taste, shame it lacked slightly in stickage because it was a fine tasting pint. Nice creamy pint with a solid texture, maybe a bit watery towards the end. Pub atmosphere was popping (Tá an t-atmaisféar leictreach). Everyone except Fred enjoyed themselves, barman was joking with Adam and there was a great local atmosphere about the place. We got picked on by the regulars but in a banter-y Irish way. This was during a quarter final in a GAA pub so we may have to revisit soon on a not GAA day. Low price was a plus. | N56: =AVERAGE(F56,G56,I56,J56) -> 7.65
A57: The Snug | B57: South (City) | C57: 4.7 | D57: 44742 | E57: Cam, Fred, Kevin, Martin, Manus, Saul | F57: 8 | G57: 7.7 | H57: 7.1 | I57: 7.8 | J57: 7.4 | K57: =AVERAGE(F57:J57) -> 7.6 | N57: =AVERAGE(F57,G57,I57,J57) -> 7.725
A58: Gibneys | B58: North | C58: 6.8 | D58: 45270 | E58: Alan, Kevin, Martin, Matthew, Padraig, Saul | F58: 7.5 | G58: 7.5 | H58: 7.4 | I58: 7.9 | J58: 7.6 | K58: =AVERAGE(F58:J58) -> 7.58 | L58: Had separate bars with difference prices (€7.00 and €6.60). Price is averaged between them. "4 legs good, 1 leg better" - Martin, "Worst hand dryer but nice pub" - Padraig | N58: =AVERAGE(F58,G58,I58,J58) -> 7.625
A59: Cassidy's (Camden) | B59: South (City) | C59: 5.7 | D59: 44859 | E59: Cam, Mark, Martin, Saul | F59: 7.7 | G59: 6.9 | H59: 8.7 | I59: 7.7 | J59: 6.8 | K59: =AVERAGE(F59:J59) -> 7.56 | N59: =AVERAGE(F59,G59,I59,J59) -> 7.275
A60: McGrattans | B60: South (City) | C60: 5.9 | D60: 45267 | E60: Adam, Kevin, Martin, Saul | F60: 7.4 | G60: 7 | H60: 7 | I60: 7.7 | J60: 8.7 | K60: =AVERAGE(F60:J60) -> 7.56 | L60: "SEAN DYCHE MASTERCLASS" - Martin | N60: =AVERAGE(F60,G60,I60,J60) -> 7.7
A61: Fitzgeralds of Sandycove | B61: South | C61: Unknown | D61: 45835 | E61: Cam, Martin, Matthew, Saul | F61: 7.5 | G61: 7.2 | H61: 7.2 | I61: 8.2 | J61: 7.7 | K61: =AVERAGE(F61:J61) -> 7.56 | L61: "I was promised 9 euro meals" - Martin | N61: =AVERAGE(F61,G61,I61,J61) -> 7.65
A62: Padraig Pearse | B62: South (City) | C62: 5 | D62: 44878 | E62: Adam, Martin, Podge, Saul | F62: 7.5 | G62: 7.2 | H62: 7.3 | I62: 8.3 | J62: 7.4 | K62: =AVERAGE(F62:J62) -> 7.54 | N62: =AVERAGE(F62,G62,I62,J62) -> 7.6
A63: The Hut | B63: North | C63: 5.4 | D63: 44918 | E63: Adam, Matthew, Padraig, Saul | F63: 7.5 | G63: 7.1 | H63: 7.4 | I63: 7.9 | J63: 7.8 | K63: =AVERAGE(F63:J63) -> 7.54 | L63: Sophie's rating removed as she failed to rate stickage. "A lovely pub atmosphere, I would like to be an old man here" - Sophie, "lovely" - Saul, "lil bit small" - Padraig | N63: =AVERAGE(F63,G63,I63,J63) -> 7.575
A64: Doheny & Nesbitt | B64: South (City) | C64: 6.7 | D64: 45267 | E64: Adam, Kevin, Martin, Saul | F64: 8 | G64: 7.7 | H64: 7.2 | I64: 7.4 | J64: 7.4 | K64: =AVERAGE(F64:J64) -> 7.54 | L64: "spurs are wining" - Martin | N64: =AVERAGE(F64,G64,I64,J64) -> 7.625
A65: Brogans | B65: South (City) | C65: 6.7 | D65: 45634 | E65: Alan, Kevin, Martin, Saul, Sophie | F65: 7.8 | G65: 7.8 | H65: 6.1 | I65: 8 | J65: 7.9 | K65: =AVERAGE(F65:J65) -> 7.52 | L65: "nice old man pub" - Alan, "This pub is odorous" - Kevin, "Arkbar of Dame St" - Martin | M65: No | N65: =AVERAGE(F65,G65,I65,J65) -> 7.875
A66: O'Donoghue's (Merrion Row) | B66: South (City) | C66: 6.6 | D66: 45267 | E66: Adam, Kevin, Martin, Saul | F66: 7.1 | G66: 7.6 | H66: 7.6 | I66: 7.5 | J66: 7.8 | K66: =AVERAGE(F66:J66) -> 7.52 | N66: =AVERAGE(F66,G66,I66,J66) -> 7.5
A67: Cleary's | B67: North (City) | C67: 5.8 | D67: 45569 | E67: Cam, Fred, Kevin, Mark, Sadhbh N, Saul, Sophie | F67: 7.8 | G67: 7.2 | H67: 6.9 | I67: 7.9 | J67: 7.7 | K67: =AVERAGE(F67:J67) -> 7.5 | L67: "Lovely pub" - Sophie, "I enjoyed the second mysterious room" - Sadhbh N | N67: =AVERAGE(F67,G67,I67,J67) -> 7.65
A68: Swift's | B68: South (City) | C68: 6.2 | D68: 45618 | E68: Cam, Fred, Kevin, Martin, Saul | F68: 7.6 | G68: 7.4 | H68: 6.6 | I68: 7.8 | J68: 8.1 | K68: =AVERAGE(F68:J68) -> 7.5 | L68: "these lamps" - Cam, "Walking stick theory wouldn't fly somewhere this woke" - Martin | M68: Woke | N68: =AVERAGE(F68,G68,I68,J68) -> 7.725
A69: The Lark Inn | B69: South (City) | C69: 5 | D69: 45618 | E69: Cam, Fred, Kevin, Martin, Ruairí, Saul | F69: 7.7 | G69: 7.1 | H69: 7.5 | I69: 7.7 | J69: 7.5 | K69: =AVERAGE(F69:J69) -> 7.5 | L69: "I'm amazed this pub exists. Feels like it should be in Kilbarrack or Raheny but it's in the Liberties" - Kevin, "Lark Inn is Ireland for the Irish protest vibes" - Ruairi, "Junkies by the door, blubber in the corner, 5 quid pints, a real Dublin number" - Martin | M69: Not woke | N69: =AVERAGE(F69,G69,I69,J69) -> 7.5
A70: Connolly's (Sheds) | B70: North | C70: 5.5 | D70: 44864 | E70: Alan, Cam, Matthew, Podge, Saul | F70: 7.9 | G70: 7.7 | H70: 6.4 | I70: 7.9 | J70: 7.4 | K70: =AVERAGE(F70:J70) -> 7.46 | N70: =AVERAGE(F70,G70,I70,J70) -> 7.725
A71: Arthur's Blues and Jazz Club | B71: South (City) | C71: 6.75 | D71: 45618 | E71: Cam, Fred, Martin, Saul | F71: 7.6 | G71: 7.3 | H71: 6.8 | I71: 8.2 | J71: 7.4 | K71: =AVERAGE(F71:J71) -> 7.46 | L71: "needlessly large disoranno is a safety hazard" - Cam "A pint with influences ranging from Led Zeppelin to Wayne Shorter, including Miles Davis, Hendrix, and Satie. "Farrelly glides through the pint with a superb sense of confidence…" - Jazz Times "Bullshit expert Phelan, capitalizes on his considerable gifts as an improviser, interpreter, and sonic trailblazer…" - Downbeat Magazine" - Martin | M71: Woke | N71: =AVERAGE(F71,G71,I71,J71) -> 7.625
A72: Clarke's | B72: North | C72: 5.7 | D72: 45276 | E72: Fred, Kevin, Martin, Padraig, Saul, Sophie | F72: 7.7 | G72: 7.6 | H72: 7.3 | I72: 8 | J72: 6.6 | K72: =AVERAGE(F72:J72) -> 7.44 | L72: "UTFR" - Padraig | N72: =AVERAGE(F72,G72,I72,J72) -> 7.475
A73: Harbourmaster | B73: North (City) | C73: 6.7 | D73: Unknown | E73: Adam, Fred, Martin, Saul | F73: 7.8 | G73: 7.4 | H73: 7.4 | I73: 7.6 | J73: 7 | K73: =AVERAGE(F73:J73) -> 7.44 | L73: "this pub feels like it should be in Howth, not beside connolly" - Saul, "€6.70? Come on lads, it’s next to Junkie HQ. Man’s gotta eat" - Martin | N73: =AVERAGE(F73,G73,I73,J73) -> 7.45
A74: The 1884 | B74: North | C74: 5.8 | D74: 44751 | E74: Adam, Fred, Kevin, Martin | F74: 7.1 | G74: 6.6 | H74: 8.1 | I74: 7.9 | J74: 7.5 | K74: =AVERAGE(F74:J74) -> 7.44 | N74: =AVERAGE(F74,G74,I74,J74) -> 7.275
A75: Bar Rua | B75: South (City) | C75: 6.6 | D75: 45127 | E75: Adam, Mark, Matthew, Saul | F75: 7.8 | G75: 7.3 | H75: 7.4 | I75: 7.4 | J75: 7.1 | K75: =AVERAGE(F75:J75) -> 7.4 | L75: "nice" - Saul | N75: =AVERAGE(F75,G75,I75,J75) -> 7.4
A76: Harbour Bar | B76: North | C76: 6.4 | D76: 45676 | E76: Cam, Matthew, Saul, Sophie | F76: 7.2 | G76: 7.3 | H76: 6.9 | I76: 7.3 | J76: 8.3 | K76: =AVERAGE(F76:J76) -> 7.4 | L76: "Pub fire [heart eyes emoji x 3]" - Sophie | M76: No | N76: =AVERAGE(F76,G76,I76,J76) -> 7.525
A77: Clarke's City Arms | B77: North | C77: 5.9 | D77: 45857 | E77: Adam, Cam, Kevin, Mark, Martin, Matthew, Saul | F77: 7.8 | G77: 7.4 | H77: 6.3 | I77: 7.5 | J77: 7.8 | K77: =AVERAGE(F77:J77) -> 7.36 | L77: "Willa whites chocolate homunculus" - Martin | M77: No | N77: =AVERAGE(F77,G77,I77,J77) -> 7.625
A78: Hedigans (Brian Boru) | B78: North | C78: Unknown | D78: 44918 | E78: Cameron, Padraig, Saul, Sophie | F78: 7.5 | G78: 7.3 | H78: 8 | I78: 6.9 | J78: 6.9 | K78: =AVERAGE(F78:J78) -> 7.32 | L78: "Adam is rattled" - Saul, "Here for 12 pubs but feels like a place I'd bring fam to" - Sophie, "martin is a menace" - Padraig | N78: =AVERAGE(F78,G78,I78,J78) -> 7.15
A79: The Ardlea Inn | B79: North | C79: Unknown | D79: 45255 | E79: Adam, Fred, Kevin, Martin, Saul | F79: 7.9 | G79: 7.6 | H79: 7.7 | I79: 6.7 | J79: 6.7 | K79: =AVERAGE(F79:J79) -> 7.32 | L79: "big black yoke on my glass, might have improved the taste cause it tested pretty pretty good" - Martin | N79: =AVERAGE(F79,G79,I79,J79) -> 7.225
A80: Duffys | B80: North | C80: 6.1 | D80: 45270 | E80: Alan, Fred, Kevin, Martin, Matthew, Padraig, Saul | F80: 7.6 | G80: 7.4 | H80: 6.6 | I80: 7.7 | J80: 7.3 | K80: =AVERAGE(F80:J80) -> 7.32 | L80: "Beating Newcastle isn't for everyone" - Martin, "Hand dryer not as good but still lovely" - Padraig | N80: =AVERAGE(F80,G80,I80,J80) -> 7.5
A81: The Summit Inn | B81: North | C81: 6.4 | D81: 45676 | E81: Cam, Matthew, Saul, Sophie | F81: 7.7 | G81: 7.5 | H81: 6.8 | I81: 7.6 | J81: 7 | K81: =AVERAGE(F81:J81) -> 7.32 | L81: "delicious veggie burger" - Sophie | M81: Woke | N81: =AVERAGE(F81,G81,I81,J81) -> 7.45
A82: Hynes' Bar | B82: North | C82: 6.4 | D82: 45857 | E82: Adam, Cam, Kevin, Mark, Martin, Matthew, Saul | F82: 7.5 | G82: 6.8 | H82: 6.7 | I82: 7.6 | J82: 8 | K82: =AVERAGE(F82:J82) -> 7.32 | L82: "food is unreal" - Adam, ""Every man's dream is to turn a lesbian straight"" - Saul, "A pub that allows dogs is either the wokest or least woke pub you've ever been to" - Martin | M82: Woke | N82: =AVERAGE(F82,G82,I82,J82) -> 7.475
A83: The International | B83: South (City) | C83: 6.5 | D83: Unknown | E83: Adam, Cameron, Fred, Mark, Saul | F83: 7.1 | G83: 7.8 | H83: 6.6 | I83: 7.8 | J83: 7.3 | K83: =AVERAGE(F83:J83) -> 7.32 | L83: "howdy cowboy" - Adam, "spenny" - Saul, "he poured my pint into a used unwashed glass i saw him just pick up" - Mark | N83: =AVERAGE(F83,G83,I83,J83) -> 7.5
A84: The Bar (Guinness)** | B84: South (City) | C84: Unknown | D84: Unknown | E84: Adam, Cameron, Fred, Saul | F84: 7.7 | G84: 7.5 | H84: 6.5 | I84: 7.6 | J84: 7.3 | K84: =AVERAGE(F84:J84) -> 7.32 | L84: "Everton supporters club" - Saul | N84: =AVERAGE(F84,G84,I84,J84) -> 7.525
A85: Meagher's (Quays) | B85: North (City) | C85: 6 | D85: 44889 | E85: Adam, Cam, Mark, Martin | F85: 7.3 | G85: 7.1 | H85: 7 | I85: 7.7 | J85: 7.4 | K85: =AVERAGE(F85:J85) -> 7.3 | N85: =AVERAGE(F85,G85,I85,J85) -> 7.375
A86: The Goblet | B86: North | C86: 6 | D86: 45255 | E86: Adam, Fred, Kevin, Martin, Saul | F86: 7.3 | G86: 7.1 | H86: 7 | I86: 7.6 | J86: 7.5 | K86: =AVERAGE(F86:J86) -> 7.3 | L86: "Preston is gud" - Martin | N86: =AVERAGE(F86,G86,I86,J86) -> 7.375
A87: The Lower Deck | B87: South (City) | C87: 6.15 | D87: 45633 | E87: Cam, Fred, Kevin, Mark, Matthew, Sadhbh D, Sadhbh N, Saul, Sophie | F87: 7.5 | G87: 7.3 | H87: 6.1 | I87: 7.8 | J87: 7.8 | K87: =AVERAGE(F87:J87) -> 7.3 | M87: No | N87: =AVERAGE(F87,G87,I87,J87) -> 7.6
A88: The Hideout House | B88: North | C88: 5.3 | D88: 45977 | E88: Alan, Cam, Kevin, Martin, Saul, Sophie SB | F88: 7.3 | G88: 7.7 | H88: 7.2 | I88: 8.1 | J88: 6.2 | K88: =AVERAGE(F88:J88) -> 7.3 | L88: "kinda feels like an American sports bar" - Kevin, "dead pintmen" - Martin, "that man was almost horizontal" - Alan | M88: No
A89: The Ginger Man | B89: South (City) | C89: 6.6 | D89: Unknown | E89: Adam, Kevin, Matthew, Saul | F89: 7.5 | G89: 7.3 | H89: 6.8 | I89: 7 | J89: 7.9 | K89: =AVERAGE(F89:J89) -> 7.3 | N89: =AVERAGE(F89,G89,I89,J89) -> 7.425
A90: Dundrum House | B90: South | C90: 5.8 | D90: Unknown | E90: Manus, Matthew, Mark, Martin, Saul | F90: 7.7 | G90: 7.1 | H90: 7.2 | I90: 7.9 | J90: 6.6 | K90: =AVERAGE(F90:J90) -> 7.3 | L90: "Saul is landlord scum" - Martin, "standing up is sad when there's a seat beside me" - Matthew, "pint" - Saul, "possibly the most generic pub ever, it’s like it was created for a movie set" - Manus | N90: =AVERAGE(F90,G90,I90,J90) -> 7.325
A91: McGeough's (The Bohemian) | B91: North | C91: 5.4 | D91: 44918 | E91: Adam, Fred, Matthew, Saul | F91: 7.3 | G91: 7 | H91: 7 | I91: 7.5 | J91: 7.6 | K91: =AVERAGE(F91:J91) -> 7.28 | L91: Discounted Padraig's rating as he failed to rate stickage. "gas ⛽" - Saul, "mulled wine in the kettle" - Matthew | N91: =AVERAGE(F91,G91,I91,J91) -> 7.35
A92: Darkey Kelley's | B92: South (City) | C92: 7 | D92: 45682 | E92: Fred, Kevin, Matthew, Saul | F92: 7.3 | G92: 7.3 | H92: 7.1 | I92: 6.9 | J92: 7.8 | K92: =AVERAGE(F92:J92) -> 7.28 | M92: No | N92: =AVERAGE(F92,G92,I92,J92) -> 7.325
A93: Kodiak | B93: South (City) | C93: 6.3 | D93: 45064 | E93: Kevin, Martin, Matthew, Saul, Sophie | F93: 6.9 | G93: 7 | H93: 6.7 | I93: 7.7 | J93: 8 | K93: =AVERAGE(F93:J93) -> 7.26 | L93: "I can BEARly contain my excitement" - Martin, "me gusta" - Saul | N93: =AVERAGE(F93,G93,I93,J93) -> 7.4
A94: The Duke | B94: South (City) | C94: 5.8 | D94: 44794 | E94: Adam, Cam, Fred, Martin, Saul | F94: 7.4 | G94: 7.5 | H94: 6.2 | I94: 7.2 | J94: 7.9 | K94: =AVERAGE(F94:J94) -> 7.24 | N94: =AVERAGE(F94,G94,I94,J94) -> 7.5
A95: The Barbers Bar | B95: North | C95: 6.4 | D95: 45787 | E95: Adam, Alan, Cam, Martin, Rachael, Sadhbh D | F95: 7.5 | G95: 7 | H95: 6.5 | I95: 6.7 | J95: 8.5 | K95: =AVERAGE(F95:J95) -> 7.24 | L95: "I love the dogs" - Sadhbh D, "Pathway pint" - Martin | M95: Woke | N95: =AVERAGE(F95,G95,I95,J95) -> 7.425
A96: The Cat and Cage | B96: North | C96: 5.4 | D96: 44739 | E96: Fred, Kevin, Martin, Saul | F96: 7.7 | G96: 7 | H96: 6.6 | I96: 6.8 | J96: 8.1 | K96: =AVERAGE(F96:J96) -> 7.24 | L96: A little on the thin side and no real creaminess in the head. Taste is of a good quality and having the option of setting up a tab is nice. Stickage and Head to Body Ratio (HBD) were let downs. Pizza is top quality (not taken into our scores but good to note) and there’s a very handsome barman named Manus. Non-descript, average pint aside from a standout malty taste. Very solid pub character consisting of friendly staff and calming jazz/funk playing in the background. Decor was a little too bougie bar-like for my tastes. Pub is very comfortable and nice. Good atmosphere for a Monday afternoon. | N96: =AVERAGE(F96,G96,I96,J96) -> 7.4
A97: Keelings | B97: North | C97: 6.2 | D97: 45270 | E97: Alan, Fred, Kevin, Martin, Matthew, Padraig, Saul | F97: 7.4 | G97: 7.2 | H97: 7.9 | I97: 8 | J97: 5.6 | K97: =AVERAGE(F97:J97) -> 7.22 | L97: "I’ve missed the groove, I was shitting too much. I wanted to dance but my bowels have foiled me once again. Their was a live band when I arrived yet upon post my bottom wipe it was no more. I saw the drums packing up and the cables rolled. My bowel might be empty but so is my heart" - Martin, "No comment on hand dryers" - Padraig | N97: =AVERAGE(F97,G97,I97,J97) -> 7.05
A98: Frank Ryan's | B98: North (City) | C98: 6 | D98: Unknown | E98: Adam, Fred, Martin, Saul | F98: 6.8 | G98: 6.9 | H98: 7.1 | I98: 7.5 | J98: 7.8 | K98: =AVERAGE(F98:J98) -> 7.22 | L98: "Better than Decarteret I suppose" - Martin, "it is dark in here" - Saul | N98: =AVERAGE(F98,G98,I98,J98) -> 7.25
A99: Whelan's | B99: South (City) | C99: 5.9 | D99: 44770 | E99: Adam, Cam, Martin, Saul | F99: 6.8 | G99: 7 | H99: 6.5 | I99: 7.3 | J99: 8.4 | K99: =AVERAGE(F99:J99) -> 7.2 | N99: =AVERAGE(F99,G99,I99,J99) -> 7.375
A100: The Auld Triangle | B100: North (City) | C100: 4.5 | D100: Unknown | E100: Adam, Fred, Padraig, Saul | F100: 7.6 | G100: 7.3 | H100: 5.3 | I100: 7.9 | J100: 7.9 | K100: =AVERAGE(F100:J100) -> 7.2 | L100: "had to stand love the ra vibe" - Padraig | N100: =AVERAGE(F100,G100,I100,J100) -> 7.675
...

Sheet Alumni Stats
A1: Alumni | B1: Pubs Visited | C1: Average Pub Score | D1: Attendance Record | E1: Money Invested
A2: Saul | B2: =COUNTIF('Pub Ratings'!E$2:E$209, "*Saul*") -> 181 | C2: =AVERAGEIF('Pub Ratings'!E:E, "*Saul*", 'Pub Ratings'!K:K) -> 7.1550276 | D2: =B2/E25 -> 0.80803571 | E2: =SUMIF('Pub Ratings'!E:E, "*Saul*", 'Pub Ratings'!C:C) -> 983.25
A3: Martin | B3: =COUNTIF('Pub Ratings'!E$2:E$209, "*Martin*") -> 136 | C3: =AVERAGEIF('Pub Ratings'!E:E, "*Martin*", 'Pub Ratings'!K:K) -> 7.1998529 | D3: =B3/E25 -> 0.60714286 | E3: =SUMIF('Pub Ratings'!E:E, "*Martin*", 'Pub Ratings'!C:C) -> 765.55
A4: Cam | B4: =COUNTIF('Pub Ratings'!E$2:E$209, "*Cam*") -> 113 | C4: =AVERAGEIF('Pub Ratings'!E:E, "*Cam*", 'Pub Ratings'!K:K) -> 7.1357522 | D4: =B4/E25 -> 0.50446429 | E4: =SUMIF('Pub Ratings'!E:E, "*Cam*", 'Pub Ratings'!C:C) -> 633.75
A5: Kevin | B5: =COUNTIF('Pub Ratings'!E$2:E$209, "*Kevin*") -> 96 | C5: =AVERAGEIF('Pub Ratings'!E:E, "*Kevin*", 'Pub Ratings'!K:K) -> 7.0129167 | D5: =B5/E25 -> 0.42857143 | E5: =SUMIF('Pub Ratings'!E:E, "*Kevin*", 'Pub Ratings'!C:C) -> 565.6
A6: Matthew | B6: =COUNTIF('Pub Ratings'!E:E, "*Matthew*") -> 87 | C6: =AVERAGEIF('Pub Ratings'!E:E, "*Matthew*", 'Pub Ratings'!K:K) -> 7.1908046 | D6: =B6/E25 -> 0.38839286 | E6: =SUMIF('Pub Ratings'!E:E, "*Matthew*", 'Pub Ratings'!C:C) -> 494.95
A7: Adam | B7: =COUNTIF('Pub Ratings'!E$2:E$209, "*Adam*") -> 81 | C7: =AVERAGEIF('Pub Ratings'!E:E, "*Adam*", 'Pub Ratings'!K:K) -> 7.0577778 | D7: =B7/E25 -> 0.36160714 | E7: =SUMIF('Pub Ratings'!E:E, "*Adam*", 'Pub Ratings'!C:C) -> 447.1
A8: Fred | B8: =COUNTIF('Pub Ratings'!E$2:E$209, "*Fred*") -> 76 | C8: =AVERAGEIF('Pub Ratings'!E:E, "*Fred*", 'Pub Ratings'!K:K) -> 7.07 | D8: =B8/E25 -> 0.33928571 | E8: =SUMIF('Pub Ratings'!E:E, "*Fred*", 'Pub Ratings'!C:C) -> 424.45
A9: Mark | B9: =COUNTIF('Pub Ratings'!E$2:E$209, "*Mark*") -> 60 | C9: =AVERAGEIF('Pub Ratings'!E:E, "*Mark*", 'Pub Ratings'!K:K) -> 7.1996667 | D9: =B9/E25 -> 0.26785714 | E9: =SUMIF('Pub Ratings'!E:E, "*Mark*", 'Pub Ratings'!C:C) -> 318.4
A10: Sophie | B10: =COUNTIF('Pub Ratings'!E$2:E$209, "*Sophie*") -> 58 | C10: =AVERAGEIF('Pub Ratings'!E:E, "*Sophie*", 'Pub Ratings'!K:K) -> 7.0796552 | D10: =B10/E25 -> 0.25892857 | E10: =SUMIF('Pub Ratings'!E:E, "*Sophie*", 'Pub Ratings'!C:C) -> 332.3
A11: Alan | B11: =COUNTIF('Pub Ratings'!E$2:E$209, "*Alan*") -> 40 | C11: =AVERAGEIF('Pub Ratings'!E:E, "*Alan*", 'Pub Ratings'!K:K) -> 7.183 | D11: =B11/E25 -> 0.17857143 | E11: =SUMIF('Pub Ratings'!E:E, "*Alan*", 'Pub Ratings'!C:C) -> 220.05
A12: Podge | B12: =COUNTIF('Pub Ratings'!E$2:E$209, "*Podge*") -> 30 | C12: =AVERAGEIF('Pub Ratings'!E:E, "*Podge*", 'Pub Ratings'!K:K) -> 7.3493333 | D12: =B12/E25 -> 0.13392857 | E12: =SUMIF('Pub Ratings'!E:E, "*Podge*", 'Pub Ratings'!C:C) -> 167.25
A13: Padraig | B13: =COUNTIF('Pub Ratings'!E$2:E$209, "*Padraig*") -> 30 | C13: =AVERAGEIF('Pub Ratings'!E:E, "*Padraig*", 'Pub Ratings'!K:K) -> 7.0193333 | D13: =B13/E25 -> 0.13392857 | E13: =SUMIF('Pub Ratings'!E:E, "*Padraig*", 'Pub Ratings'!C:C) -> 138.3
A14: Manus | B14: =COUNTIF('Pub Ratings'!E$2:E$209, "*Manus*") -> 18 | C14: =AVERAGEIF('Pub Ratings'!E:E, "*Manus*", 'Pub Ratings'!K:K) -> 7.3255556 | D14: =B14/E25 -> 0.080357143 | E14: =SUMIF('Pub Ratings'!E:E, "*Manus*", 'Pub Ratings'!C:C) -> 105.75
A15: Sadhbh N | B15: =COUNTIF('Pub Ratings'!E:E, "*Sadhbh N*") -> 16 | C15: =AVERAGEIF('Pub Ratings'!E:E, "*Sadhbh N*", 'Pub Ratings'!K:K) -> 7.05875 | D15: =B15/E25 -> 0.071428571 | E15: =SUMIF('Pub Ratings'!E:E, "*Sadhbh N*", 'Pub Ratings'!C:C) -> 101.45
A16: Sadhbh D | B16: =COUNTIF('Pub Ratings'!E$2:E$209, "*Sadhbh D*") -> 6 | C16: =AVERAGEIF('Pub Ratings'!E:E, "*Sadhbh D*", 'Pub Ratings'!K:K) -> 6.7933333 | D16: =B16/E25 -> 0.026785714 | E16: =SUMIF('Pub Ratings'!E:E, "*Sadhbh D*", 'Pub Ratings'!C:C) -> 39.15
A17: Rachael | B17: =COUNTIF('Pub Ratings'!E$2:E$209, "*Rachael*") -> 4 | C17: =AVERAGEIF('Pub Ratings'!E:E, "*Rachael*", 'Pub Ratings'!K:K) -> 6.95 | D17: =B17/E25 -> 0.017857143 | E17: =SUMIF('Pub Ratings'!E:E, "*Rachael*", 'Pub Ratings'!C:C) -> 25.2
A18: Rebecca | B18: =COUNTIF('Pub Ratings'!E$2:E$209, "*Rebecca*") -> 3 | C18: =AVERAGEIF('Pub Ratings'!E:E, "*Rebecca*", 'Pub Ratings'!K:K) -> 6.3133333 | D18: =B18/E25 -> 0.013392857 | E18: =SUMIF('Pub Ratings'!E:E, "*Rebecca*", 'Pub Ratings'!C:C) -> 19.1
A19: Thomas | B19: =COUNTIF('Pub Ratings'!E$2:E$209, "*Thomas*") -> 1 | C19: =AVERAGEIF('Pub Ratings'!E:E, "*Thomas*", 'Pub Ratings'!K:K) -> 7.04 | D19: =B19/E25 -> 0.0044642857 | E19: =SUMIF('Pub Ratings'!E:E, "*Thomas*", 'Pub Ratings'!C:C) -> 6.9
D21: Total Money Invested: | E21: =SUM(E1:E19) -> 5788.5
D23: Total Pints Rated: | E23: =sum(B2:B19) -> 1036
D25: Total Pubs Rated: | E25: 224
D27: Pubs of total 632 rated: | E27: =224/632 -> 0.35443038

Sheet STATS
B2: Taste vs Overall Ranking Correlation | C2: Texture vs Overall Ranking Correlation | D2: Stickage vs Overall Ranking Correlation | E2: H2B vs Overall Ranking Correlation | F2: Pub Quality vs Overall Ranking Correlation
B3: =CORREL('Pub Ratings'!F:F,'Pub Ratings'!K:K) -> 0.8727088 | C3: =CORREL('Pub Ratings'!G:G,'Pub Ratings'!K:K) -> 0.83562242 | D3: =CORREL('Pub Ratings'!H:H,'Pub Ratings'!K:K) -> 0.74397364 | E3: =CORREL('Pub Ratings'!I:I,'Pub Ratings'!K:K) -> 0.74602035 | F3: =CORREL('Pub Ratings'!J:J,'Pub Ratings'!K:K) -> 0.69537273
B6: Date | C6: Monthly Average Pint Price
B7: 44713 | C7: =AVERAGEIFS('Pub Ratings'!C:C, 'Pub Ratings'!D:D, ">="&B7, 'Pub Ratings'!D:D, "<"&B8) -> 5.5833333
B8: =EOMONTH(B7, 0) + 1 -> 44743 | C8: =AVERAGEIFS('Pub Ratings'!C:C, 'Pub Ratings'!D:D, ">="&B8, 'Pub Ratings'!D:D, "<"&B9) -> 5.7454545
B9: =EOMONTH(B8, 0) + 1 -> 44774 | C9: =AVERAGEIFS('Pub Ratings'!C:C, 'Pub Ratings'!D:D, ">="&B9, 'Pub Ratings'!D:D, "<"&B10) -> 5.6833333
B10: =EOMONTH(B9, 0) + 1 -> 44805 | C10: =AVERAGEIFS('Pub Ratings'!C:C, 'Pub Ratings'!D:D, ">="&B10, 'Pub Ratings'!D:D, "<"&B11) -> 5.6428571
B11: =EOMONTH(B10, 0) + 1 -> 44835 | C11: =AVERAGEIFS('Pub Ratings'!C:C, 'Pub Ratings'!D:D, ">="&B11, 'Pub Ratings'!D:D, "<"&B12) -> 5.6071429
B12: =EOMONTH(B11, 0) + 1 -> 44866 | C12: =AVERAGEIFS('Pub Ratings'!C:C, 'Pub Ratings'!D:D, ">="&B12, 'Pub Ratings'!D:D, "<"&B13) -> 5.6888889
B13: =EOMONTH(B12, 0) + 1 -> 44896 | C13: =AVERAGEIFS('Pub Ratings'!C:C, 'Pub Ratings'!D:D, ">="&B13, 'Pub Ratings'!D:D, "<"&B14) -> 5.5857143
B14: =EOMONTH(B13, 0) + 1 -> 44927 | C14: =AVERAGEIFS('Pub Ratings'!C:C, 'Pub Ratings'!D:D, ">="&B13, 'Pub Ratings'!D:D, "<"&B14) -> 5.5857143
B15: =EOMONTH(B14, 0) + 1 -> 44958 | C15: =AVERAGEIFS('Pub Ratings'!C:C, 'Pub Ratings'!D:D, ">="&B13, 'Pub Ratings'!D:D, "<"&B14) -> 5.5857143
B16: =EOMONTH(B15, 0) + 1 -> 44986 | C16: =AVERAGEIFS('Pub Ratings'!C:C, 'Pub Ratings'!D:D, ">="&B13, 'Pub Ratings'!D:D, "<"&B14) -> 5.5857143
B17: =EOMONTH(B16, 0) + 1 -> 45017 | C17: =AVERAGEIFS('Pub Ratings'!C:C, 'Pub Ratings'!D:D, ">="&B13, 'Pub Ratings'!D:D, "<"&B14) -> 5.5857143
B18: =EOMONTH(B17, 0) + 1 -> 45047 | C18: =AVERAGEIFS('Pub Ratings'!C:C, 'Pub Ratings'!D:D, ">="&B18, 'Pub Ratings'!D:D, "<"&B19) -> 6.2
B19: =EOMONTH(B18, 0) + 1 -> 45078 | C19: =AVERAGEIFS('Pub Ratings'!C:C, 'Pub Ratings'!D:D, ">="&B18, 'Pub Ratings'!D:D, "<"&B19) -> 6.2
B20: =EOMONTH(B19, 0) + 1 -> 45108 | C20: =AVERAGEIFS('Pub Ratings'!C:C, 'Pub Ratings'!D:D, ">="&B20, 'Pub Ratings'!D:D, "<"&B21) -> 6.5
B21: =EOMONTH(B20, 0) + 1 -> 45139 | C21: =AVERAGEIFS('Pub Ratings'!C:C, 'Pub Ratings'!D:D, ">="&B20, 'Pub Ratings'!D:D, "<"&B21) -> 6.5
B22: =EOMONTH(B21, 0) + 1 -> 45170 | C22: =AVERAGEIFS('Pub Ratings'!C:C, 'Pub Ratings'!D:D, ">="&B20, 'Pub Ratings'!D:D, "<"&B21) -> 6.5
B23: =EOMONTH(B22, 0) + 1 -> 45200 | C23: =AVERAGEIFS('Pub Ratings'!C:C, 'Pub Ratings'!D:D, ">="&B20, 'Pub Ratings'!D:D, "<"&B21) -> 6.5
B24: =EOMONTH(B23, 0) + 1 -> 45231 | C24: =AVERAGEIFS('Pub Ratings'!C:C, 'Pub Ratings'!D:D, ">="&B24, 'Pub Ratings'!D:D, "<"&B25) -> 5.875
B25: =EOMONTH(B24, 0) + 1 -> 45261 | C25: =AVERAGEIFS('Pub Ratings'!C:C, 'Pub Ratings'!D:D, ">="&B25, 'Pub Ratings'!D:D, "<"&B26) -> 6.2875
B26: =EOMONTH(B25, 0) + 1 -> 45292 | C26: =AVERAGEIFS('Pub Ratings'!C:C, 'Pub Ratings'!D:D, ">="&B26, 'Pub Ratings'!D:D, "<"&B27) -> 6.2
B27: =EOMONTH(B26, 0) + 1 -> 45323 | C27: =AVERAGEIFS('Pub Ratings'!C:C, 'Pub Ratings'!D:D, ">="&B27, 'Pub Ratings'!D:D, "<"&B28) -> 6.33
B28: =EOMONTH(B27, 0) + 1 -> 45352 | C28: =AVERAGEIFS('Pub Ratings'!C:C, 'Pub Ratings'!D:D, ">="&B28, 'Pub Ratings'!D:D, "<"&B29) -> 5.9
B29: =EOMONTH(B28, 0) + 1 -> 45383 | C29: =AVERAGEIFS('Pub Ratings'!C:C, 'Pub Ratings'!D:D, ">="&B28, 'Pub Ratings'!D:D, "<"&B29) -> 5.9
B30: =EOMONTH(B29, 0) + 1 -> 45413 | C30: =AVERAGEIFS('Pub Ratings'!C:C, 'Pub Ratings'!D:D, ">="&B30, 'Pub Ratings'!D:D, "<"&B31) -> 6.5
B31: =EOMONTH(B30, 0) + 1 -> 45444 | C31: =AVERAGEIFS('Pub Ratings'!C:C, 'Pub Ratings'!D:D, ">="&B30, 'Pub Ratings'!D:D, "<"&B31) -> 6.5
B32: =EOMONTH(B31, 0) + 1 -> 45474 | C32: =AVERAGEIFS('Pub Ratings'!C:C, 'Pub Ratings'!D:D, ">="&B32, 'Pub Ratings'!D:D, "<"&B33) -> 6.45
B33: =EOMONTH(B32, 0) + 1 -> 45505 | C33: =AVERAGEIFS('Pub Ratings'!C:C, 'Pub Ratings'!D:D, ">="&B33, 'Pub Ratings'!D:D, "<"&B34) -> 6.2
B34: =EOMONTH(B33, 0) + 1 -> 45536 | C34: =AVERAGEIFS('Pub Ratings'!C:C, 'Pub Ratings'!D:D, ">="&B34, 'Pub Ratings'!D:D, "<"&B35) -> 6.95
B35: =EOMONTH(B34, 0) + 1 -> 45566 | C35: =AVERAGEIFS('Pub Ratings'!C:C, 'Pub Ratings'!D:D, ">="&B35, 'Pub Ratings'!D:D, "<"&B36) -> 6.0333333
B36: =EOMONTH(B35, 0) + 1 -> 45597 | C36: =AVERAGEIFS('Pub Ratings'!C:C, 'Pub Ratings'!D:D, ">="&B36, 'Pub Ratings'!D:D, "<"&B37) -> 6.2583333
B37: =EOMONTH(B36, 0) + 1 -> 45627 | C37: =AVERAGEIFS('Pub Ratings'!C:C, 'Pub Ratings'!D:D, ">="&B37, 'Pub Ratings'!D:D, "<"&B38) -> 6.6772727
B38: =EOMONTH(B37, 0) + 1 -> 45658 | C38: =AVERAGEIFS('Pub Ratings'!C:C, 'Pub Ratings'!D:D, ">="&B38, 'Pub Ratings'!D:D, "<"&B39) -> 6.4833333
B39: =EOMONTH(B38, 0) + 1 -> 45689 | C39: =AVERAGEIFS('Pub Ratings'!C:C, 'Pub Ratings'!D:D, ">="&B39, 'Pub Ratings'!D:D, "<"&B40) -> 6.55
B40: =EOMONTH(B39, 0) + 1 -> 45717 | C40: =AVERAGEIFS('Pub Ratings'!C:C, 'Pub Ratings'!D:D, ">="&B40, 'Pub Ratings'!D:D, "<"&B41) -> 6.9
B41: =EOMONTH(B40, 0) + 1 -> 45748 | C41: =AVERAGEIFS('Pub Ratings'!C:C, 'Pub Ratings'!D:D, ">="&B40, 'Pub Ratings'!D:D, "<"&B41) -> 6.9
B42: =EOMONTH(B41, 0) + 1 -> 45778 | C42: =AVERAGEIFS('Pub Ratings'!C:C, 'Pub Ratings'!D:D, ">="&B42, 'Pub Ratings'!D:D, "<"&B43) -> 6.4
B43: =EOMONTH(B42, 0) + 1 -> 45809 | C43: =AVERAGEIFS('Pub Ratings'!C:C, 'Pub Ratings'!D:D, ">="&B43, 'Pub Ratings'!D:D, "<"&B44) -> 6.6
B44: =EOMONTH(B43, 0) + 1 -> 45839 | C44: =AVERAGEIFS('Pub Ratings'!C:C, 'Pub Ratings'!D:D, ">="&B44, 'Pub Ratings'!D:D, "<"&B45) -> 6.2666667
B45: =EOMONTH(B44, 0) + 1 -> 45870 | C45: =AVERAGEIFS('Pub Ratings'!C:C, 'Pub Ratings'!D:D, ">="&B45, 'Pub Ratings'!D:D, "<"&B46) -> 6.9
B46: =EOMONTH(B45, 0) + 1 -> 45901 | C46: =AVERAGEIFS('Pub Ratings'!C:C, 'Pub Ratings'!D:D, ">="&B45, 'Pub Ratings'!D:D, "<"&B46) -> 6.9
B47: =EOMONTH(B46, 0) + 1 -> 45931 | C47: =AVERAGEIFS('Pub Ratings'!C:C, 'Pub Ratings'!D:D, ">="&B45, 'Pub Ratings'!D:D, "<"&B46) -> 6.9
B48: 45962 | C48: =AVERAGEIFS('Pub Ratings'!C:C, 'Pub Ratings'!D:D, ">="&B48, 'Pub Ratings'!D:D, "<"&B49) -> 6.8
B49: 45992
B55: KPIs
B56: Q2 2022 | C56: =COUNTIFS('Pub Ratings'!D2:D209, ">=" & DATE(2022,4,1),'Pub Ratings'!D2:D209, "<=" & DATE(2022,6,30)) -> 12
B57: Q3 2022 | C57: =COUNTIFS('Pub Ratings'!D2:D209, ">=" & DATE(2022,7,1),'Pub Ratings'!D2:D209, "<=" & DATE(2022,9,30)) -> 24
B58: Q4 2022 | C58: =COUNTIFS('Pub Ratings'!D2:D209, ">=" & DATE(2022,10,1),'Pub Ratings'!D2:D209, "<=" & DATE(2022,12,31)) -> 40
B59: Q1 2023 | C59: =COUNTIFS('Pub Ratings'!D2:D209, ">=" & DATE(2023,1,1),'Pub Ratings'!D2:D209, "<=" & DATE(2023,3,31)) -> 0
B60: Q2 2023 | C60: =COUNTIFS('Pub Ratings'!D2:D209, ">=" & DATE(2023,4,1),'Pub Ratings'!D2:D209, "<=" & DATE(2023,6,30)) -> 2
B61: Q3 2023 | C61: =COUNTIFS('Pub Ratings'!D2:D209, ">=" & DATE(2023,7,1),'Pub Ratings'!D2:D209, "<=" & DATE(2023,9,30)) -> 2
B62: Q4 2023 | C62: =COUNTIFS('Pub Ratings'!D2:D209, ">=" & DATE(2023,10,1),'Pub Ratings'!D2:D209, "<=" & DATE(2023,12,31)) -> 17
B63: Q1 2024 | C63: =COUNTIFS('Pub Ratings'!D2:D209, ">=" & DATE(2024,1,1),'Pub Ratings'!D2:D209, "<=" & DATE(2024,3,31)) -> 9
B64: Q2 2024 | C64: =COUNTIFS('Pub Ratings'!D2:D209, ">=" & DATE(2024,4,1),'Pub Ratings'!D2:D209, "<=" & DATE(2024,6,30)) -> 1
B65: Q3 2024 | C65: =COUNTIFS('Pub Ratings'!D2:D209, ">=" & DATE(2024,7,1),'Pub Ratings'!D2:D209, "<=" & DATE(2024,9,30)) -> 4
B66: Q4 2024 | C66: =COUNTIFS('Pub Ratings'!D2:D209, ">=" & DATE(2024,10,1),'Pub Ratings'!D2:D209, "<=" & DATE(2024,12,31)) -> 25
B67: Q1 2025 | C67: =COUNTIFS('Pub Ratings'!D2:D209, ">=" & DATE(2025,1,1),'Pub Ratings'!D2:D209, "<=" & DATE(2025,3,31)) -> 10
B68: Q2 2025 | C68: =COUNTIFS('Pub Ratings'!D2:D209, ">=" & DATE(2025,4,1),'Pub Ratings'!D2:D209, "<=" & DATE(2025,6,30)) -> 3
B69: Q3 2025 | C69: =COUNTIFS('Pub Ratings'!D2:D209, ">=" & DATE(2025,7,1),'Pub Ratings'!D2:D209, "<=" & DATE(2025,9,30)) -> 5
B70: Q4 2025 | C70: =COUNTIFS('Pub Ratings'!D2:D209, ">=" & DATE(2025,10,1),'Pub Ratings'!D2:D209, "<=" & DATE(2025,12,31)) -> 18
B71: Total known dates | C71: =sum(C56:C70) -> 172
B72: Total unknown datea | C72: 36
B73: Total | C73: =sum(C71:C72) -> 208
B75: Note: The Great Disappearance of Ratings seemed to occur in early 2023. This explains the low output in that period.
B79: Q2 2022 | C79: =COUNTIFS('Pub Ratings'!D25:D232, ">=" & DATE(2022,4,1),'Pub Ratings'!D25:D232, "<=" & DATE(2022,6,30)) -> 8
B80: Q3 2022 | C80: =COUNTIFS('Pub Ratings'!D25:D232, ">=" & DATE(2022,7,1),'Pub Ratings'!D25:D232, "<=" & DATE(2022,9,30)) -> 16
B81: Q4 2022 | C81: =COUNTIFS('Pub Ratings'!D25:D232, ">=" & DATE(2022,10,1),'Pub Ratings'!D25:D232, "<=" & DATE(2022,12,31)) -> 34
B82: Q1 2023 | C82: =COUNTIFS('Pub Ratings'!D25:D232, ">=" & DATE(2023,1,1),'Pub Ratings'!D25:D232, "<=" & DATE(2023,3,31)) -> 0
B83: Q2 2023 | C83: =COUNTIFS('Pub Ratings'!D25:D232, ">=" & DATE(2023,4,1),'Pub Ratings'!D25:D232, "<=" & DATE(2023,6,30)) -> 2
B84: Q3 2023 | C84: =COUNTIFS('Pub Ratings'!D25:D232, ">=" & DATE(2023,7,1),'Pub Ratings'!D25:D232, "<=" & DATE(2023,9,30)) -> 2
B85: Q4 2023 | C85: =COUNTIFS('Pub Ratings'!D25:D232, ">=" & DATE(2023,10,1),'Pub Ratings'!D25:D232, "<=" & DATE(2023,12,31)) -> 17
B86: Q1 2024 | C86: =COUNTIFS('Pub Ratings'!D25:D232, ">=" & DATE(2024,1,1),'Pub Ratings'!D25:D232, "<=" & DATE(2024,3,31)) -> 9
B87: Q2 2024 | C87: =COUNTIFS('Pub Ratings'!D25:D232, ">=" & DATE(2024,4,1),'Pub Ratings'!D25:D232, "<=" & DATE(2024,6,30)) -> 1
B88: Q3 2024 | C88: =COUNTIFS('Pub Ratings'!D25:D232, ">=" & DATE(2024,7,1),'Pub Ratings'!D25:D232, "<=" & DATE(2024,9,30)) -> 4
B89: Q4 2024 | C89: =COUNTIFS('Pub Ratings'!D25:D232, ">=" & DATE(2024,10,1),'Pub Ratings'!D25:D232, "<=" & DATE(2024,12,31)) -> 24
B90: Q1 2025 | C90: =COUNTIFS('Pub Ratings'!D25:D232, ">=" & DATE(2025,1,1),'Pub Ratings'!D25:D232, "<=" & DATE(2025,3,31)) -> 10
B91: Q2 2025 | C91: =COUNTIFS('Pub Ratings'!D25:D232, ">=" & DATE(2025,4,1),'Pub Ratings'!D25:D232, "<=" & DATE(2025,6,30)) -> 3
B92: Q3 2025 | C92: =COUNTIFS('Pub Ratings'!D25:D232, ">=" & DATE(2025,7,1),'Pub Ratings'!D25:D232, "<=" & DATE(2025,9,30)) -> 4
B93: Q4 2025 | C93: =COUNTIFS('Pub Ratings'!D25:D232, ">=" & DATE(2025,10,1),'Pub Ratings'!D25:D232, "<=" & DATE(2025,12,31)) -> 18
